<?xml version="1.0" encoding="UTF-8"?>
<project xmlns="http://maven.apache.org/POM/4.0.0" xmlns:xsi="http://www.w3.org/2001/XMLSchema-instance" xsi:schemaLocation="http://maven.apache.org/POM/4.0.0 http://maven.apache.org/maven-v4_0_0.xsd">
  <modelVersion>4.0.0</modelVersion>
  <groupId>edu.uci.ics.fuzzyjoin.spark</groupId>
  <artifactId>fuzzyjoin-spark</artifactId>
  <version>0.0.2-SNAPSHOT</version>
  <build>
    <plugins>
      <plugin>
        <artifactId>maven-compiler-plugin</artifactId>
        <version>3.8.1</version>
        <configuration>
          <source>1.8</source>
          <target>1.8</target>
        </configuration>
      </plugin>
      <plugin>
        <artifactId>maven-surefire-plugin</artifactId>
        <version>2.22.2</version>
        <configuration>
          <forkMode>pertest</forkMode>
          <argLine>-enableassertions -Xmx1g</argLine>
        </configuration>
      </plugin>
      <plugin>
        <artifactId>maven-shade-plugin</artifactId>
        <version>3.2.4</version>
        <executions>
          <execution>
            <phase>package</phase>
            <goals>
              <goal>shade</goal>
            </goals>
            <configuration>
              <transformers>
                <transformer>
                  <mainClass>edu.uci.ics.fuzzyjoin.spark.Main</mainClass>
                </transformer>
              </transformers>
              <filters>
                <filter>
                  <artifact>*:*</artifact>
                  <excludes>
                    <exclude>META-INF/*.SF</exclude>
                    <exclude>META-INF/*.DSA</exclude>
                    <exclude>META-INF/*.RSA</exclude>
                  </excludes>
                </filter>
              </filters>
            </configuration>
          </execution>
        </executions>
      </plugin>
    </plugins>
  </build>
  <dependencies>
    <dependency>
      <groupId>junit</groupId>
      <artifactId>junit</artifactId>
      <version>4.11</version>
      <scope>test</scope>
      <exclusions>
        <exclusion>
          <artifactId>hamcrest-core</artifactId>
          <groupId>org.hamcrest</groupId>
        </exclusion>
      </exclusions>
    </dependency>
    <dependency>
      <groupId>edu.uci.ics.fuzzyjoin</groupId>
      <artifactId>fuzzyjoin-core</artifactId>
      <version>0.0.2</version>
      <classifier>tests</classifier>
      <scope>test</scope>
    </dependency>
  </dependencies>
</project>
