<?xml version="1.0"?>
<configuration>
 <property>
  <name>fuzzyjoin.data.dir</name>
  <value>../data/enron.small</value>
 </property>
 <property>
  <name>fuzzyjoin.data.record.data</name>
  <value>8</value>
 </property>
 <property>
  <name>fuzzyjoin.data.raw</name>
  <value>enron.small.txt</value>
  <description>Only used for RecordBuild. Not needed if there is
   only one file in the "raw" directory.</description>
 </property>
 <property>
  <name>fuzzyjoin.data.norecords</name>
  <value>10</value>
  <description>Only used for RecordBuild and RecordGenerate.
  </description>
 </property>
 <property>
  <name>fuzzyjoin.data.copy</name>
  <value>1</value>
 </property>
 <property>
  <name>fuzzyjoin.similarity.threshold</name>
  <value>.1</value>
 </property>
 <property>
  <name>fuzzyjoin.tokens.package</name>
  <value>array</value>
 </property>
 <property>
  <name>fuzzyjoin.tokens.lengthstats</name>
  <value>true</value>
 </property>
 <!--
  ================================================================
  Hadoop
  ================================================================
 -->
 <!--
 <property>
  <name>mapreduce.input.fileinputformat.split.minsize</name>
  <value>9223372036854775807</value>
  <description>Set to Long.MAX_VALUE to have only one map.
  </description>
 </property>
 -->
 <property>
  <name>mapred.map.tasks</name>
  <value>10</value>
 </property>
 <property>
  <name>mapred.reduce.tasks</name>
  <value>10</value>
 </property>
 <property>
  <name>mapred.child.ulimit</name>
  <value>1048576</value>
 </property>
 <property>
  <name>io.sort.mb</name>
  <value>896</value>
 </property>
 <property>
  <name>io.sort.record.percent</name>
  <value>.9</value>
 </property>
 <property>
  <name>io.sort.spill.percent</name>
  <value>.9</value>
 </property>
</configuration>