<?xml version="1.0"?>
<configuration>
 <property>
  <name>fuzzyjoin.data.dir</name>
  <value>/data</value>
 </property>
 <property>
  <name>fuzzyjoin.data.suffix.input</name>
  <value>netflix,imdb</value>
 </property>
 <property>
  <name>fuzzyjoin.similarity.threshold</name>
  <value>.6</value>
 </property>
 <property>
  <name>fuzzyjoin.tokenizer</name>
  <value>NGram</value>
 </property>
 <property>
  <name>fuzzyjoin.data.copy</name>
  <value>1</value>
 </property>
 <!--
  ================================================================
  Hadoop
  ================================================================
 -->
 <property>
  <name>mapred.compress.map.output</name>
  <value>true</value>
 </property>
 <property>
  <name>mapred.job.reuse.jvm.num.tasks</name>
  <value>-1</value>
 </property>
 <property>
  <name>mapred.task.timeout</name>
  <value>6000000</value>
 </property>
</configuration>
