<?xml version="1.0"?>
<configuration>
  <property>
    <name>fuzzyjoin.data.dir</name>
    <value>/data/pub</value>
  </property>
  <property>
    <name>fuzzyjoin.data.suffix.input</name>
    <value>dblp,csx</value>
  </property>
  <property>
    <name>fuzzyjoin.record.data</name>
    <value>2,3</value>
  </property>
  <property>
    <name>fuzzyjoin.record.data1</name>
    <value>2,3</value>
  </property>
  <property>
    <name>fuzzyjoin.similarity.threshold</name>
    <value>.95</value>
  </property>
  <property>
    <name>fuzzyjoin.data.norecords</name>
    <value>1385532</value>
    <description>Only used for RecordBuild and RecordGenerate.
    </description>
  </property>
<!--   <property> -->
<!--     <name>fuzzyjoin.data.copy</name> -->
<!--     <value>10</value> -->
<!--   </property> -->
<!--   <property> -->
<!--     <name>mapred.map.tasks</name> -->
<!--     <value>320</value> -->
<!--   </property> -->
<!--   <property> -->
<!--     <name>mapred.reduce.tasks</name> -->
<!--     <value>20</value> -->
<!--   </property> -->
<!--   <property> -->
<!--     <name>mapreduce.input.fileinputformat.split.minsize</name> -->
<!--     <value>9223372036854775807</value> -->
<!--   </property> -->
  <property>
    <name>mapred.reduce.slowstart.completed.maps</name>
    <value>0</value>
  </property>
  <property>
    <name>mapred.child.java.opts</name>
    <value>-Xmx4096m</value>
  </property>
</configuration>
